<?xml version="1.0" encoding="UTF-8"?>
<!DOCTYPE mapper
PUBLIC "-//mybatis.org//DTD Mapper 3.0//EN"
"http://mybatis.org/dtd/mybatis-3-mapper.dtd" >
<mapper namespace="com.human.dao.IF_FreeBoardDAO">

	<insert id="insert" parameterType="com.human.vo.FreeBoardVO">
		insert into m_freeBoard
		values(
		seq_f_num.nextval,
		#{u_id},
		#{u_name},
		#{f_title},
		#{f_content},
		#{f_type},
		default,
		#{f_filename},
		default)
	</insert>

	<select id="selectList" resultType="com.human.vo.FreeBoardVO"
		parameterType="com.human.vo.PageVO">
		select *
		from(select rownum as
		rcol, sub.*
		from (select
		m_freeBoard.* from
		m_freeBoard
		<!-- if문 들어갈 where절 자리 -->
		order by f_num desc) sub)
		where rcol between
		#{startNo} and #{endNo}
	</select>
	<select id="detailView" resultType="com.human.vo.FreeBoardVO"
		parameterType="int">
		select * from m_freeBoard where f_num = #{f_num}
	</select>
	<select id="countList" resultType="int">
		select count(*) from
		m_freeBoard
	</select>
	<select id="searchTitle" parameterType="String"
		resultType="com.human.vo.FreeBoardVO">
		select * from m_freeBoard where f_title=#{f_title}
	</select>
	<select id="updateView" parameterType="int">
		update m_freeBoard set
		f_viewCnt = f_viewCnt+1 where f_num = #{f_num}
	</select>
	<delete id="selectDelete" parameterType="int">
		delete m_freeBoard where
		f_num = #{f_num}
	</delete>
	<update id="modifyBoard"
		parameterType="com.human.vo.FreeBoardVO">
		update m_freeBoard
		set f_title=#{f_title},
		f_content=#{f_content},
		f_type=#{f_type} where
		f_num=#{f_num}
	</update>




</mapper>