<?xml version="1.0" encoding="UTF-8"?>

<!DOCTYPE mapper
PUBLIC "-//mybatis.org//DTD Mapper 3.0//EN"
"http://mybatis.org/dtd/mybatis-3-mapper.dtd" >
<mapper namespace="com.human.dao.IF_UserDAO">
	<!-- 회원가입 -->
	<insert id="insertUser" parameterType="com.human.vo.UserVO">
		insert into inUser
		values(#{u_id},#{u_pw},#{u_birthdate},#{u_name},#{u_email},default,#{u_addr},#{u_preferredgenre},#{favoriteMovieTheater},default)
	</insert>
	<!-- 아이디와 비번 입력시 user테이블에 정보가 있으면 로그인 성공 -->
	<select id="loginCheck" parameterType="com.human.vo.UserVO"
		resultType="com.human.vo.UserVO">
		select * from inUser where u_id=#{u_id} and u_pw=#{u_pw}
	</select>

	<!-- 아이디 중복체크 -->
	<select id="idDuplicateCheck" parameterType="String"
		resultType="int">
		select count(*) from inUser where u_id=#{u_id}
	</select>


	<!-- 아이디 찾는 쿼리문 -->
	<select id="u_findId" parameterType="java.util.Map"
		resultType="String">
		select u_id from inUser where u_email=#{u_email} and
		u_pw=#{u_pw}
	</select>

	<!-- 비밀번호 찾는 쿼리문 -->
	<select id="u_findPw" parameterType="java.util.Map"
		resultType="String">
		select u_pw from inUser where u_id=#{u_id} and
		u_email=#{u_email}
	</select>

	<!-- 내 정보보기. 매개변수 세션으로 -->
	<select id="myInformation" parameterType="String"
		resultType="com.human.vo.UserVO">
		select * from inUser where u_id=#{u_id}
	</select>
	<update id="myupdate" parameterType="com.human.vo.UserVO">
		update inUser set
		u_pw=#{u_pw},
		u_email=#{u_email},
		u_name=#{u_name},
		u_birthdate=#{u_birthdate},
		u_addr=#{u_addr},
		u_preferredgenre=#{u_preferredgenre},
		favoriteMovieTheater=#{favoriteMovieTheater}
		where u_id=#{u_id}
	</update>
	<delete id="delUser" parameterType="String">
		delete inUser where
		u_id=#{u_id}
	</delete>

	<select id="inUserAllList" resultType="com.human.vo.UserVO"
		parameterType="com.human.vo.PageVO">
		select *
		from(select rownum as
		rcol, sub.*
		from (select
		*
		from
		inUser
		order by u_id desc) sub)
		where rcol between
		#{startNo} and
		#{endNo}
	</select>

	<select id="listCount" resultType="int">
		select
		count(*) from inUser
	</select>
</mapper>
